{
    "average_interest": 11373541.761129975,
    "average_interest_per_cell": 2108.554275329992,
    "volatility": 1970699.6149172257,
    "folder": "results/Cluster/dronesAmount=4;cellSize=10;2024-11-17 16:30:47"
}