{
    "average_interest": 19157612.72152991,
    "average_interest_per_cell": 3551.6523399202647,
    "volatility": 5158487.466601817,
    "folder": "results/Greedy/dronesAmount=4;cellSize=10;2024-11-18 12:11:29"
}