{
    "average_interest": 5177621.386099975,
    "average_interest_per_cell": 959.8853144419678,
    "volatility": 590620.4876595516,
    "folder": "results/EqualAreas/dronesAmount=8;cellSize=10;2024-11-17 16:14:38"
}