{
    "average_interest": 31636089.068319872,
    "average_interest_per_cell": 5865.051736803833,
    "volatility": 11508811.085712632,
    "folder": "results/Greedy/dronesAmount=2;cellSize=10;2024-11-18 12:02:59"
}