{
    "average_interest": 53440227.51540013,
    "average_interest_per_cell": 2387.2164529348756,
    "volatility": 12143003.832440507,
    "folder": "results/EqualAreas/test4_dronesAmount=4;cellSize=5;2024-11-18 19:15:59"
}