{
    "average_interest": 7386267.416412523,
    "average_interest_per_cell": 2131.6789080555623,
    "volatility": 1531949.476404499,
    "folder": "results/EqualAreas/dronesAmount=4;cellSize=10;2024-11-17 17:56:55"
}