{
    "average_interest": 20359411.522730134,
    "average_interest_per_cell": 3774.4552322451123,
    "volatility": 4834869.8537534615,
    "folder": "results/EqualAreas/dronesAmount=2;cellSize=10;2024-11-17 15:59:48"
}