{
    "average_interest": 129538017.5033606,
    "average_interest_per_cell": 5786.563812354177,
    "volatility": 50887146.03582374,
    "folder": "results/Cluster/test4_dronesAmount=4;cellSize=5;2024-11-18 19:27:39"
}