{
    "average_interest": 10506597.312139992,
    "average_interest_per_cell": 1947.830424942527,
    "volatility": 1723748.5222114676,
    "folder": "results/EqualAreas/dronesAmount=4;cellSize=10;2024-11-17 16:07:30"
}