{
    "average_interest": 53311415.41527005,
    "average_interest_per_cell": 2381.4623164151726,
    "volatility": 12270132.968510088,
    "folder": "results/EqualInterest/test4_dronesAmount=4;cellSize=5;2024-11-18 19:04:32"
}