{
    "average_interest": 7376242.109832558,
    "average_interest_per_cell": 2128.785601683278,
    "volatility": 1522893.3589929743,
    "folder": "results/EqualInterest/dronesAmount=4;cellSize=10;2024-11-17 17:18:01"
}