{
    "average_interest": 13386779.105405137,
    "average_interest_per_cell": 3863.4283132482356,
    "volatility": 2435699.2294623987,
    "folder": "results/Greedy/dronesAmount=4;cellSize=10;2024-11-18 13:27:08"
}