{
    "average_interest": 10487050.863170005,
    "average_interest_per_cell": 1944.2066857934751,
    "volatility": 1731075.6255294394,
    "folder": "results/EqualInterest/dronesAmount=4;cellSize=10;2024-11-17 15:44:04"
}