{
    "average_interest": 5173849.237649946,
    "average_interest_per_cell": 959.1859914071089,
    "volatility": 592994.4613070516,
    "folder": "results/EqualInterest/dronesAmount=8;cellSize=10;2024-11-17 15:52:04"
}