{
    "average_interest": 20315673.337080147,
    "average_interest_per_cell": 3766.34655859847,
    "volatility": 4852929.143228366,
    "folder": "results/EqualInterest/dronesAmount=2;cellSize=10;2024-11-17 15:36:01"
}