{
    "average_interest": 8407409.948242474,
    "average_interest_per_cell": 2426.3809374437155,
    "volatility": 1621263.6967141877,
    "folder": "results/Cluster/dronesAmount=4;cellSize=10;2024-11-17 18:35:25"
}