{
    "average_interest": 108449108.64698997,
    "average_interest_per_cell": 4844.50588077325,
    "volatility": 36759069.50329289,
    "folder": "results/Greedy/test4_dronesAmount=4;cellSize=5;2024-11-18 19:41:40"
}