{
    "average_interest": 11384797.152549984,
    "average_interest_per_cell": 2110.64092557471,
    "volatility": 2351807.769212191,
    "folder": "results/Greedy/dronesAmount=8;cellSize=10;2024-11-18 12:22:07"
}