{
    "average_interest": 5879962.990800011,
    "average_interest_per_cell": 1090.0932500556194,
    "volatility": 723257.081833963,
    "folder": "results/Cluster/dronesAmount=8;cellSize=10;2024-11-17 16:38:49"
}