{
    "average_interest": 21007403.76166994,
    "average_interest_per_cell": 3894.5872750593144,
    "volatility": 5029759.565801704,
    "folder": "results/Cluster/dronesAmount=2;cellSize=10;2024-11-17 16:22:38"
}